--Dropping tables
DROP TABLE ACCOUNTS     CASCADE CONSTRAINTS;
DROP TABLE TRANSACTIONS CASCADE CONSTRAINTS;
DROP TABLE SIMPLE_LOG   CASCADE CONSTRAINTS;


--Creating tables
CREATE TABLE ACCOUNTS  (
    AccountID      SMALLINT CONSTRAINT ACCOUNT_PK PRIMARY KEY,
    AccountBalance NUMBER (15,2) NOT NULL, 
    CONSTRAINT AccountBalanceGreaterZero CHECK (AccountBalance > 0)
  ) ;


CREATE TABLE SIMPLE_LOG (
    LogID                INTEGER NOT NULL ,
    AccountID            SMALLINT NOT NULL ,
    OldAccountBalance    NUMBER (15,2) NOT NULL ,
    NewAccountBalance    NUMBER (15,2) NOT NULL ,
    TransactionTimeStamp TIMESTAMP (3) NOT NULL ,
    CONSTRAINT LOGS_PK PRIMARY KEY ( LogID ) 
  ) ;


CREATE TABLE TRANSACTIONS (
    TransactionID       INTEGER CONSTRAINT TRANSACTION_PK PRIMARY KEY,
    AccountID           SMALLINT NOT NULL ,
    TransactionType     CHAR (1) NOT NULL ,
    TransactionTimeStamp TIMESTAMP(3),
    CONSTRAINT TransactionTypeDorC CHECK (TransactionType IN ('C', 'D')),
    CONSTRAINT TRANSACTION_ACCOUNT_FK FOREIGN KEY ( AccountID ) REFERENCES ACCOUNTS ( AccountID ) 
  ) ;
  
  
  
CREATE  OR REPLACE TRIGGER SIMPLE_LOG
    BEFORE 
    UPDATE OF AccountBalance ON ACCOUNTS
    FOR EACH ROW
    BEGIN
    INSERT INTO SIMPLE_LOG VALUES ( (SELECT MAX(LogID) FROM SIMPLE_LOG) + 1, 
                                    :new.AccountID,
                                    :old.AccountBalance,
                                    :new.AccountBalance, 
                                    CURRENT_TIMESTAMP);
    END;



--Populating tables
INSERT INTO ACCOUNTS       VALUES (1, 100);
INSERT INTO TRANSACTIONS   VALUES (1, 1, 'C', CURRENT_TIMESTAMP);
INSERT INTO SIMPLE_LOG     VALUES (1, 1, 0, 100, CURRENT_TIMESTAMP);

INSERT INTO ACCOUNTS       VALUES (2, 200);
INSERT INTO TRANSACTIONS   VALUES (2, 2, 'C', CURRENT_TIMESTAMP);
INSERT INTO SIMPLE_LOG     VALUES (2, 2, 0, 200, CURRENT_TIMESTAMP);

INSERT INTO ACCOUNTS       VALUES (3, 100);
INSERT INTO TRANSACTIONS   VALUES (3, 3, 'C', CURRENT_TIMESTAMP);
INSERT INTO SIMPLE_LOG     VALUES (3, 3, 0, 100, CURRENT_TIMESTAMP);

INSERT INTO ACCOUNTS       VALUES (4, 1000);
INSERT INTO TRANSACTIONS   VALUES (4, 4, 'C', CURRENT_TIMESTAMP);
INSERT INTO SIMPLE_LOG     VALUES (4, 4, 0, 1000, CURRENT_TIMESTAMP);

INSERT INTO ACCOUNTS       VALUES (5, 1000);
INSERT INTO TRANSACTIONS   VALUES (5, 5, 'C', CURRENT_TIMESTAMP);
INSERT INTO SIMPLE_LOG     VALUES (5, 5, 0, 1000, CURRENT_TIMESTAMP);

COMMIT;
